<?xml version="1.0" encoding="UTF-8"?><?xml-stylesheet type='text/xsl' href='_UpgradeReport_Files/UpgradeReport.xslt'?><UpgradeLog>
<Properties><Property Name="Solution" Value="HID PnP Demo">
</Property><Property Name="解决方案文件" Value="D:\自编程序与资料\microchip_solutions_v2013-06-15\USB\Device - HID - Custom Demos\PnP Demo - Windows Software\Microsoft Visual CSharp 2005 Express\HID PnP Demo.sln">
</Property><Property Name="用户选项文件" Value="D:\自编程序与资料\microchip_solutions_v2013-06-15\USB\Device - HID - Custom Demos\PnP Demo - Windows Software\Microsoft Visual CSharp 2005 Express\HID PnP Demo.suo">
</Property><Property Name="Date" Value="2014年3月18日">
</Property><Property Name="Time" Value="22:34">
</Property></Properties><Event ErrorLevel="0" Project="" Source="HID PnP Demo.sln" Description="文件已成功备份为 D:\自编程序与资料\microchip_solutions_v2013-06-15\USB\Device - HID - Custom Demos\PnP Demo - Windows Software\Microsoft Visual CSharp 2005 Express\Backup\HID PnP Demo.sln">
</Event><Event ErrorLevel="0" Project="" Source="HID PnP Demo.suo" Description="文件已成功备份为 D:\自编程序与资料\microchip_solutions_v2013-06-15\USB\Device - HID - Custom Demos\PnP Demo - Windows Software\Microsoft Visual CSharp 2005 Express\Backup\HID PnP Demo.suo">
</Event><Event ErrorLevel="0" Project="HID PnP Demo" Source="HID PnP Demo.csproj" Description="项目文件已成功备份为 D:\自编程序与资料\microchip_solutions_v2013-06-15\USB\Device - HID - Custom Demos\PnP Demo - Windows Software\Microsoft Visual CSharp 2005 Express\Backup\HID PnP Demo.csproj">
</Event><Event ErrorLevel="0" Project="HID PnP Demo" Source="HID PnP Demo.csproj.user" Description="项目用户文件成功备份为 D:\自编程序与资料\microchip_solutions_v2013-06-15\USB\Device - HID - Custom Demos\PnP Demo - Windows Software\Microsoft Visual CSharp 2005 Express\Backup\HID PnP Demo.csproj.user">
</Event><Event ErrorLevel="0" Project="HID PnP Demo" Source="Form1.cs" Description="文件已成功备份为 D:\自编程序与资料\microchip_solutions_v2013-06-15\USB\Device - HID - Custom Demos\PnP Demo - Windows Software\Microsoft Visual CSharp 2005 Express\Backup\Form1.cs">
</Event><Event ErrorLevel="0" Project="HID PnP Demo" Source="Form1.Designer.cs" Description="文件已成功备份为 D:\自编程序与资料\microchip_solutions_v2013-06-15\USB\Device - HID - Custom Demos\PnP Demo - Windows Software\Microsoft Visual CSharp 2005 Express\Backup\Form1.Designer.cs">
</Event><Event ErrorLevel="0" Project="HID PnP Demo" Source="Program.cs" Description="文件已成功备份为 D:\自编程序与资料\microchip_solutions_v2013-06-15\USB\Device - HID - Custom Demos\PnP Demo - Windows Software\Microsoft Visual CSharp 2005 Express\Backup\Program.cs">
</Event><Event ErrorLevel="0" Project="HID PnP Demo" Source="Properties\AssemblyInfo.cs" Description="文件已成功备份为 D:\自编程序与资料\microchip_solutions_v2013-06-15\USB\Device - HID - Custom Demos\PnP Demo - Windows Software\Microsoft Visual CSharp 2005 Express\Backup\Properties\AssemblyInfo.cs">
</Event><Event ErrorLevel="0" Project="HID PnP Demo" Source="Properties\Resources.Designer.cs" Description="文件已成功备份为 D:\自编程序与资料\microchip_solutions_v2013-06-15\USB\Device - HID - Custom Demos\PnP Demo - Windows Software\Microsoft Visual CSharp 2005 Express\Backup\Properties\Resources.Designer.cs">
</Event><Event ErrorLevel="0" Project="HID PnP Demo" Source="Properties\Settings.Designer.cs" Description="文件已成功备份为 D:\自编程序与资料\microchip_solutions_v2013-06-15\USB\Device - HID - Custom Demos\PnP Demo - Windows Software\Microsoft Visual CSharp 2005 Express\Backup\Properties\Settings.Designer.cs">
</Event><Event ErrorLevel="0" Project="HID PnP Demo" Source="app.config" Description="文件已成功备份为 D:\自编程序与资料\microchip_solutions_v2013-06-15\USB\Device - HID - Custom Demos\PnP Demo - Windows Software\Microsoft Visual CSharp 2005 Express\Backup\app.config">
</Event><Event ErrorLevel="0" Project="HID PnP Demo" Source="Properties\Settings.settings" Description="文件已成功备份为 D:\自编程序与资料\microchip_solutions_v2013-06-15\USB\Device - HID - Custom Demos\PnP Demo - Windows Software\Microsoft Visual CSharp 2005 Express\Backup\Properties\Settings.settings">
</Event><Event ErrorLevel="0" Project="HID PnP Demo" Source="Form1.resx" Description="文件已成功备份为 D:\自编程序与资料\microchip_solutions_v2013-06-15\USB\Device - HID - Custom Demos\PnP Demo - Windows Software\Microsoft Visual CSharp 2005 Express\Backup\Form1.resx">
</Event><Event ErrorLevel="0" Project="HID PnP Demo" Source="Properties\Resources.resx" Description="文件已成功备份为 D:\自编程序与资料\microchip_solutions_v2013-06-15\USB\Device - HID - Custom Demos\PnP Demo - Windows Software\Microsoft Visual CSharp 2005 Express\Backup\Properties\Resources.resx">
</Event><Event ErrorLevel="0" Project="HID PnP Demo" Source="Properties\app.manifest" Description="文件已成功备份为 D:\自编程序与资料\microchip_solutions_v2013-06-15\USB\Device - HID - Custom Demos\PnP Demo - Windows Software\Microsoft Visual CSharp 2005 Express\Backup\Properties\app.manifest">
</Event><Event ErrorLevel="1" Project="HID PnP Demo" Source="HID PnP Demo.csproj" Description="您的项目以 .NET Framework 2.0 或 3.0 为目标。如果您的项目使用的程序集需要更新的 .NET Framework，则项目生成将失败。通过单击项目菜单上的“属性”，然后在“.NET Framework”下拉框中选择一个新版本，可以更改 .NET Framework 的版本。(在 Visual Basic 中，可在单击“高级编辑器选项...”按钮时显示的“编译”选项卡上找到此下拉框。)">
</Event><Event ErrorLevel="0" Project="HID PnP Demo" Source="HID PnP Demo.csproj" Description="项目已成功转换">
</Event><Event ErrorLevel="3" Project="HID PnP Demo" Source="HID PnP Demo.csproj" Description="Converted">
</Event><Event ErrorLevel="0" Project="" Source="HID PnP Demo.sln" Description="成功转换解决方案">
</Event><Event ErrorLevel="3" Project="" Source="HID PnP Demo.sln" Description="Converted">
</Event><Event ErrorLevel="0" Project="HID PnP Demo" Source="HID PnP Demo.csproj" Description="扫描完成: 项目文件不需要升级。">
</Event><Event ErrorLevel="1" Project="HID PnP Demo" Source="HID PnP Demo.csproj" Description="ExcludePermissions 属性已弃用。应用程序请求的权限集已设置为 Internet 或本地 Intranet 区域中定义的权限。若要继续使用自定义权限集，请在项目设计器的“安全”页中定义自定义权限集。">
</Event></UpgradeLog>